<?xml version="1.0" encoding="UTF-8"?>
<graphml xmlns="http://graphml.graphdrawing.org/xmlns"
         xmlns:xsi="http://www.w3.org/2001/XMLSchema-instance"
         xsi:schemaLocation="http://graphml.graphdrawing.org/xmlns http://graphml.graphdrawing.org/xmlns/1.0/graphml.xsd">

  <!-- property keys -->

  <graph id="G" edgedefault="undirected" parse.nodeids="canonical" parse.edgeids="canonical" parse.order="nodesfirst">

   <!-- graph properties -->

   <!-- vertices -->
    <node id="n0">
    </node>
    <node id="n1">
    </node>
    <node id="n2">
    </node>
    <node id="n3">
    </node>
    <node id="n4">
    </node>
    <node id="n5">
    </node>
    <node id="n6">
    </node>
    <node id="n7">
    </node>
    <node id="n8">
    </node>
    <node id="n9">
    </node>
    <node id="n10">
    </node>
    <node id="n11">
    </node>
    <node id="n12">
    </node>
    <node id="n13">
    </node>
    <node id="n14">
    </node>
    <node id="n15">
    </node>
    <node id="n16">
    </node>
    <node id="n17">
    </node>
    <node id="n18">
    </node>
    <node id="n19">
    </node>
    <node id="n20">
    </node>
    <node id="n21">
    </node>
    <node id="n22">
    </node>
    <node id="n23">
    </node>
    <node id="n24">
    </node>
    <node id="n25">
    </node>
    <node id="n26">
    </node>
    <node id="n27">
    </node>
    <node id="n28">
    </node>
    <node id="n29">
    </node>

   <!-- edges -->
    <edge id="e0" source="n0" target="n28">
    </edge>
    <edge id="e1" source="n0" target="n22">
    </edge>
    <edge id="e2" source="n0" target="n7">
    </edge>
    <edge id="e3" source="n0" target="n11">
    </edge>
    <edge id="e4" source="n0" target="n23">
    </edge>
    <edge id="e5" source="n1" target="n28">
    </edge>
    <edge id="e6" source="n1" target="n21">
    </edge>
    <edge id="e7" source="n1" target="n22">
    </edge>
    <edge id="e8" source="n1" target="n25">
    </edge>
    <edge id="e9" source="n2" target="n29">
    </edge>
    <edge id="e10" source="n2" target="n4">
    </edge>
    <edge id="e11" source="n2" target="n24">
    </edge>
    <edge id="e12" source="n2" target="n20">
    </edge>
    <edge id="e13" source="n3" target="n19">
    </edge>
    <edge id="e14" source="n3" target="n16">
    </edge>
    <edge id="e15" source="n3" target="n15">
    </edge>
    <edge id="e16" source="n3" target="n17">
    </edge>
    <edge id="e17" source="n3" target="n14">
    </edge>
    <edge id="e18" source="n4" target="n29">
    </edge>
    <edge id="e19" source="n4" target="n9">
    </edge>
    <edge id="e20" source="n4" target="n6">
    </edge>
    <edge id="e21" source="n4" target="n24">
    </edge>
    <edge id="e22" source="n5" target="n19">
    </edge>
    <edge id="e23" source="n5" target="n8">
    </edge>
    <edge id="e24" source="n5" target="n10">
    </edge>
    <edge id="e25" source="n5" target="n9">
    </edge>
    <edge id="e26" source="n6" target="n26">
    </edge>
    <edge id="e27" source="n6" target="n18">
    </edge>
    <edge id="e28" source="n6" target="n24">
    </edge>
    <edge id="e29" source="n6" target="n9">
    </edge>
    <edge id="e30" source="n6" target="n11">
    </edge>
    <edge id="e31" source="n7" target="n28">
    </edge>
    <edge id="e32" source="n7" target="n27">
    </edge>
    <edge id="e33" source="n7" target="n18">
    </edge>
    <edge id="e34" source="n7" target="n11">
    </edge>
    <edge id="e35" source="n8" target="n29">
    </edge>
    <edge id="e36" source="n8" target="n9">
    </edge>
    <edge id="e37" source="n8" target="n19">
    </edge>
    <edge id="e38" source="n9" target="n29">
    </edge>
    <edge id="e39" source="n9" target="n10">
    </edge>
    <edge id="e40" source="n9" target="n11">
    </edge>
    <edge id="e41" source="n10" target="n19">
    </edge>
    <edge id="e42" source="n10" target="n16">
    </edge>
    <edge id="e43" source="n10" target="n11">
    </edge>
    <edge id="e44" source="n11" target="n23">
    </edge>
    <edge id="e45" source="n11" target="n14">
    </edge>
    <edge id="e46" source="n11" target="n18">
    </edge>
    <edge id="e47" source="n11" target="n16">
    </edge>
    <edge id="e48" source="n12" target="n27">
    </edge>
    <edge id="e49" source="n12" target="n26">
    </edge>
    <edge id="e50" source="n12" target="n21">
    </edge>
    <edge id="e51" source="n12" target="n25">
    </edge>
    <edge id="e52" source="n12" target="n20">
    </edge>
    <edge id="e53" source="n13" target="n23">
    </edge>
    <edge id="e54" source="n13" target="n22">
    </edge>
    <edge id="e55" source="n13" target="n14">
    </edge>
    <edge id="e56" source="n13" target="n17">
    </edge>
    <edge id="e57" source="n13" target="n15">
    </edge>
    <edge id="e58" source="n14" target="n23">
    </edge>
    <edge id="e59" source="n14" target="n16">
    </edge>
    <edge id="e60" source="n14" target="n17">
    </edge>
    <edge id="e61" source="n15" target="n19">
    </edge>
    <edge id="e62" source="n15" target="n17">
    </edge>
    <edge id="e63" source="n16" target="n19">
    </edge>
    <edge id="e64" source="n18" target="n27">
    </edge>
    <edge id="e65" source="n18" target="n26">
    </edge>
    <edge id="e66" source="n20" target="n26">
    </edge>
    <edge id="e67" source="n20" target="n24">
    </edge>
    <edge id="e68" source="n21" target="n28">
    </edge>
    <edge id="e69" source="n21" target="n27">
    </edge>
    <edge id="e70" source="n21" target="n25">
    </edge>
    <edge id="e71" source="n22" target="n28">
    </edge>
    <edge id="e72" source="n22" target="n23">
    </edge>
    <edge id="e73" source="n24" target="n26">
    </edge>
    <edge id="e74" source="n26" target="n27">
    </edge>
    <edge id="e75" source="n27" target="n28">
    </edge>

  </graph>
</graphml>
